ym:s:browser,ym:s:visits,ym:s:users,ym:s:bounceRate
Mobile Safari,200.0,151.0,31.5
Chrome Mobile,112.0,60.0,4.46428571
Яндекс.Браузер,88.0,47.0,13.63636364
Google Chrome,47.0,33.0,61.70212766
Samsung Internet,33.0,13.0,27.27272727
MIUI,32.0,17.0,18.75
Яндекс с Алисой: мобильное приложение,28.0,13.0,10.71428571
Huawei Browser,8.0,3.0,0.0
HeadlessChrome,6.0,6.0,66.66666667
Firefox,2.0,2.0,100.0
Opera Mobile,2.0,1.0,50.0
Edge,2.0,2.0,0.0
Opera,1.0,1.0,0.0
Safari,1.0,1.0,0.0
Яндекс Старт: мобильное приложение,1.0,1.0,0.0
YandexBrowserCorp,1.0,1.0,0.0
