ym:s:regionCountry,ym:s:regionCity,ym:s:visits,ym:s:users,ym:s:bounceRate
Россия,Новосибирск,275.0,171.0,16.72727273
Россия,None,121.0,86.0,23.96694215
Россия,Красноярск,53.0,43.0,33.96226415
Россия,Москва,23.0,22.0,78.26086957
Россия,Санкт-Петербург,13.0,7.0,23.07692308
Россия,Ростов-на-Дону,5.0,5.0,0.0
Россия,Домодедово,4.0,4.0,25.0
Германия,Франкфурт-на-Майне,3.0,2.0,33.33333333
Россия,Татарск,3.0,1.0,33.33333333
Россия,Карасук,2.0,1.0,0.0
Россия,Нижний Новгород,2.0,2.0,0.0
Россия,Челябинск,2.0,2.0,50.0
Россия,Бердск,1.0,1.0,0.0
США,None,1.0,1.0,100.0
