ym:s:startURL,ym:s:visits,ym:s:users,ym:s:pageviews,ym:s:bounceRate,ym:s:pageDepth,ym:s:avgVisitDurationSeconds
https://photobook-nsk.ru/,462.0,315.0,1132.0,24.89177489,2.45021645,210.27056277
https://photobook-nsk.ru/kindergarten/,70.0,66.0,114.0,17.14285714,1.62857143,147.14285714
https://photobook-nsk.ru/school/,30.0,22.0,37.0,23.33333333,1.23333333,33.33333333
https://photobook-nsk.ru/kindergarten/#direction/kindergarten/process,24.0,15.0,37.0,25.0,1.54166667,98.54166667
https://photobook-nsk.ru/kindergarten/#direction/kindergarten/albums/kg-4,3.0,2.0,4.0,33.33333333,1.33333333,11.0
https://photobook-nsk.ru/kindergarten/#direction/kindergarten/albums/kg-5,3.0,3.0,4.0,33.33333333,1.33333333,25.66666667
https://photobook-nsk.ru/kindergarten/#direction/kindergarten/preparation,2.0,2.0,3.0,50.0,1.5,443.5
https://photobook-nsk.ru/school/#direction/school/albums/school-folder,2.0,2.0,4.0,0.0,2.0,27.5
https://photobook-nsk.ru/school/#direction/school/albums/school-optimal,2.0,1.0,11.0,0.0,5.5,618.5
https://photobook-nsk.ru/?_ym_debug=1,1.0,1.0,1.0,100.0,1.0,0.0
https://photobook-nsk.ru/?_ym_debug=2,1.0,1.0,1.0,0.0,1.0,15.0
https://photobook-nsk.ru/?_ym_debug=2`,1.0,1.0,1.0,100.0,1.0,0.0
https://photobook-nsk.ru/kindergarten/#direction/kindergarten/albums/kg-2,1.0,1.0,1.0,100.0,1.0,1.0
https://photobook-nsk.ru/kindergarten/#direction/kindergarten/albums/kg-more,1.0,1.0,1.0,100.0,1.0,0.0
https://photobook-nsk.ru/kindergarten/#direction/kindergarten/photos,1.0,1.0,2.0,0.0,2.0,82.0
https://photobook-nsk.ru/kindergarten/#direction/kindergarten/questions,1.0,1.0,1.0,100.0,1.0,0.0
https://photobook-nsk.ru/school/#contacts,1.0,1.0,1.0,0.0,1.0,17.0
https://photobook-nsk.ru/school/#direction/school/albums/school-bright,1.0,1.0,1.0,0.0,1.0,15.0
https://photobook-nsk.ru/school/#direction/school/albums/school-classic,1.0,1.0,2.0,0.0,2.0,31.0
https://photobook-nsk.ru/school/#direction/school/albums/school-minimal,1.0,1.0,5.0,0.0,5.0,15.0
https://photobook-nsk.ru/school/#direction/school/photos,1.0,1.0,1.0,0.0,1.0,15.0
https://photobook-nsk.ru/school/#direction/school/questions,1.0,1.0,5.0,0.0,5.0,27.0
